aluno,perguntas,acertos,percentual_acerto,pontos_total,tempo_medio_s
"gael henriqu","81","77","95.1","8250","16.2"
"davi","73","70","95.9","7830","18.4"
"riquelme","77","77","100","7795","17.4"
"theo   henrique","71","69","97.2","7380","19.6"
"daniel        benjamin","65","62","95.4","7190","21.9"
"henry","78","76","97.4","7000","16.5"
"rayne","72","71","98.6","6850","19"
"maria  luiza  martins  costa","59","59","100","6800","24"
"yuri","73","68","93.2","5830","18.4"
"anthonyhenrique","66","66","100","5405","21.5"
"isadora   da   silvaara   gao~","54","53","98.1","5300","27.4"
"emilly","66","65","98.5","5085","21.5"
"mariana","48","48","100","4945","30.8"
"arthur","60","57","95","4835","23.8"
"MIGUL","57","55","96.5","4675","25.8"
"max","52","52","100","4485","29.2"
"matheus","73","62","84.9","4410","18.3"
"maria      cecilia","51","49","96.1","4130","28.8"
"bernardo","47","45","95.7","3590","32.8"
"ELISA    SOUSA","39","39","100","3115","38.3"
"evellyn   liz   8","26","26","100","1985","64"
"'","0","0","","0",""
"isadora   da   silvaara   gao~","0","0","","0",""