aluno,total_respostas,pontos_total,tempo_medio_s
"MATHEUS","129","16225","15"
"melissa","127","15270","15.5"
"livia","126","14660","15.7"
"leo","107","12940","19.5"
"nicollas","132","12050","14.8"
"daniel","100","11470","20.9"
"valentyna","105","10485","19.8"
"samuel","110","10125","18.4"
"arthur","108","9210","19"
"miguel","108","8670","19.3"
"cecilia","80","8615","27.3"
"izadora","82","7540","26.9"
"THEO","92","7485","23.4"
"clara","79","7430","27.1"
"CECILIA","65","6825","35.3"
"AGATHA         SOFIA","68","5920","33.4"
"HEITOR","60","5630","37.1"
"JOÂO   MIGUEL","61","5070","37.5"
"anaclara","45","2360","49.3"
"valentyna","0","0",""